file	sha256_8	lean_v4.11.0_exit	v4.11.0_errors	lean_v4.29.1_exit	v4.29.1_errors
lean_autoimplicit.lean	f65927c9	1	72	1	44
lean_fixed.lean	858ec172	1	81	1	40
lean_original.lean	2f3f122a	1	81	1	44
lean_partial.lean	3c2f85fa	1	10	1	9
lean_prod.lean	715a996d	1	10	1	10
lean_structural.lean	2ea0fe16	1	10	1	10
lean_termination.lean	caeebdbe	1	6	1	6
original.lean	ec7eec76	1	94	1	50
pb_proofs_combined.lean	85ab698a	1	37	1	32
pb_proofs_combined_test.lean	d20c5990	1	82	1	45
pb_proofs_combined_test2.lean	2d7dd9ad	1	82	1	45
pb_proofs_combined_test3.lean	3556b0b7	1	84	1	45
test_omega.lean	87a740c8	0	0	0	0
