module	theorem	tactic_class	role	strict_zero_axiom_status	statement
ECDSAP256_base	K_size	rfl	kernel-side symbolic/definitional theorem	candidate; requires actual #print axioms	theorem K_size : K.size = 64
ECDSAP256_base	H0_size	rfl	kernel-side symbolic/definitional theorem	candidate; requires actual #print axioms	theorem H0_size : H0.size = 8
ECDSAP256_base	round_uses_temps	exact	kernel-side symbolic/definitional theorem	candidate; requires actual #print axioms	theorem round_uses_temps (st : State) (k w : UInt32) : round st k w 0 = t1Temp st k w + t2Temp st ∧ round st k w 4 = st 3 + t1Temp st k w
ECDSAP256_base	p_eq	native_decide	computational witness / regression theorem	NO: expected Lean.ofReduceBool dependency	theorem p_eq : p = 2^256 - 2^224 + 2^192 + 2^96 - 1
ECDSAP256_base	a_eq	native_decide	computational witness / regression theorem	NO: expected Lean.ofReduceBool dependency	theorem a_eq : a = p - 3
ECDSA_companion	sha256_kat_empty	native_decide	computational witness / regression theorem	NO: expected Lean.ofReduceBool dependency	"theorem sha256_kat_empty : sha256Hex """" = ""e3b0c44298fc1c149afbf4c8996fb92427ae41e4649b934ca495991b7852b855"""
ECDSA_companion	sha256_kat_abc	native_decide	computational witness / regression theorem	NO: expected Lean.ofReduceBool dependency	"theorem sha256_kat_abc : sha256Hex ""abc"" = ""ba7816bf8f01cfea414140de5dae2223b00361a396177a9cb410ff61f20015ad"""
ECDSA_companion	sha256_kat_abc_bytes	native_decide	computational witness / regression theorem	NO: expected Lean.ofReduceBool dependency	"theorem sha256_kat_abc_bytes : sha256 ""abc"".toUTF8 = ByteArray.mk #[0xba, 0x78, 0x16, 0xbf, 0x8f, 0x01, 0xcf, 0xea, 0x41, 0x41, 0x40, 0xde, 0x5d, 0xae, 0x22, 0x23, 0xb0, 0x03, 0x61, 0xa3, 0x96, 0x17, 0x7a, 0x9c, 0xb4, 0x10, 0xff, 0x61, 0xf2, 0x00, 0x15, 0xad]"
ECDSA_companion	hmac_sha256_rfc4231_tc1	native_decide	computational witness / regression theorem	NO: expected Lean.ofReduceBool dependency	"theorem hmac_sha256_rfc4231_tc1 : hexEncode (hmacSha256 (ByteArray.mk #[0x0b, 0x0b, 0x0b, 0x0b, 0x0b, 0x0b, 0x0b, 0x0b, 0x0b, 0x0b, 0x0b, 0x0b, 0x0b, 0x0b, 0x0b, 0x0b, 0x0b, 0x0b, 0x0b, 0x0b]) ""Hi There"".toUTF8) = ""b0344c61d8db38535ca8afceaf0bf12b881dc200c9833da726e9376c2e32cff7"""
ECDSA_companion	basePoint_onCurve	native_decide	computational witness / regression theorem	NO: expected Lean.ofReduceBool dependency	theorem basePoint_onCurve : onCurve Gx Gy = true
ECDSA_companion	basePoint_order	native_decide	computational witness / regression theorem	NO: expected Lean.ofReduceBool dependency	theorem basePoint_order : pointMul basePoint n = Point.infinity
ECDSA_companion	basePoint_order_plus_one	native_decide	computational witness / regression theorem	NO: expected Lean.ofReduceBool dependency	theorem basePoint_order_plus_one : pointMul basePoint (n + 1) = basePoint
ECDSA_companion	basePoint_validates	native_decide	computational witness / regression theorem	NO: expected Lean.ofReduceBool dependency	theorem basePoint_validates : validatePublicKey basePoint = true
ECDSA_companion	infinity_not_valid	native_decide	computational witness / regression theorem	NO: expected Lean.ofReduceBool dependency	theorem infinity_not_valid : validatePublicKey Point.infinity = false
ECDSA_companion	n_odd	native_decide	computational witness / regression theorem	NO: expected Lean.ofReduceBool dependency	theorem n_odd : n % 2 = 1
ECDSA_companion	kat_kat_0_empty_nonce	native_decide	computational witness / regression theorem	NO: expected Lean.ofReduceBool dependency	theorem kat_kat_0_empty_nonce : rfc6979K priv_kat_0_empty msg_kat_0_empty = 0xe959d49f8d73e7fb283f6611a43408791837e47bf25af629633dd8bc35398980
ECDSA_companion	kat_kat_0_empty_sign	native_decide	computational witness / regression theorem	NO: expected Lean.ofReduceBool dependency	theorem kat_kat_0_empty_sign : ecdsaSign priv_kat_0_empty msg_kat_0_empty = (0xd3cb108e02fc4842b51d8afa14b1c3c73e6528f1c6102ae5c6238a5a2efa2c58, 0x4c641a9fa2cecf284d99385b41b48bc356568dc0c16b902ce193ff111bca657f)
ECDSA_companion	kat_kat_0_empty_verify	native_decide	computational witness / regression theorem	NO: expected Lean.ofReduceBool dependency	theorem kat_kat_0_empty_verify : ecdsaVerify (Point.affine 0xf839cbb33743702a05c3c4b394c0f2ad813a2e51801bf68ac9bc884fb987541c 0x5a2360547558b03a662421c13e13b97e9d202c26b96681b6206215786e839163) msg_kat_0_empty 0xd3cb108e02fc4842b51d8afa14b1c3c73e6528f1c6102ae5c6238a5a2efa2c58 0x4c641a9fa2cecf284d99385b41b48bc356568dc0c16b902ce193ff111bca657f = true
ECDSA_companion	kat_kat_0_empty_pubkey	native_decide	computational witness / regression theorem	NO: expected Lean.ofReduceBool dependency	theorem kat_kat_0_empty_pubkey : pointMul basePoint priv_kat_0_empty = Point.affine 0xf839cbb33743702a05c3c4b394c0f2ad813a2e51801bf68ac9bc884fb987541c 0x5a2360547558b03a662421c13e13b97e9d202c26b96681b6206215786e839163
ECDSA_companion	kat_kat_0_empty_verify_full	native_decide	computational witness / regression theorem	NO: expected Lean.ofReduceBool dependency	theorem kat_kat_0_empty_verify_full : ecdsaVerifyFull (Point.affine 0xf839cbb33743702a05c3c4b394c0f2ad813a2e51801bf68ac9bc884fb987541c 0x5a2360547558b03a662421c13e13b97e9d202c26b96681b6206215786e839163) msg_kat_0_empty 0xd3cb108e02fc4842b51d8afa14b1c3c73e6528f1c6102ae5c6238a5a2efa2c58 0x4c641a9fa2cecf284d99385b41b48bc356568dc0c16b902ce193ff111bca657f = true
ECDSA_companion	kat_kat_0_msg_nonce	native_decide	computational witness / regression theorem	NO: expected Lean.ofReduceBool dependency	theorem kat_kat_0_msg_nonce : rfc6979K priv_kat_0_msg msg_kat_0_msg = 0x4d75d064bb2ce80e039b78788d8ed52cf74a04861440fad10f3f0c3dc5df488e
ECDSA_companion	kat_kat_0_msg_sign	native_decide	computational witness / regression theorem	NO: expected Lean.ofReduceBool dependency	theorem kat_kat_0_msg_sign : ecdsaSign priv_kat_0_msg msg_kat_0_msg = (0xe3087afd1470fd1db5c63c735f509eb06bafb399c805f506908319e9aab81407, 0xcbf1e0a1241d47736db4ff09539caf0309b0b6bdd67ab6e8fca484e683c7e666)
ECDSA_companion	kat_kat_0_msg_verify	native_decide	computational witness / regression theorem	NO: expected Lean.ofReduceBool dependency	theorem kat_kat_0_msg_verify : ecdsaVerify (Point.affine 0xf839cbb33743702a05c3c4b394c0f2ad813a2e51801bf68ac9bc884fb987541c 0x5a2360547558b03a662421c13e13b97e9d202c26b96681b6206215786e839163) msg_kat_0_msg 0xe3087afd1470fd1db5c63c735f509eb06bafb399c805f506908319e9aab81407 0xcbf1e0a1241d47736db4ff09539caf0309b0b6bdd67ab6e8fca484e683c7e666 = true
ECDSA_companion	kat_kat_0_msg_pubkey	native_decide	computational witness / regression theorem	NO: expected Lean.ofReduceBool dependency	theorem kat_kat_0_msg_pubkey : pointMul basePoint priv_kat_0_msg = Point.affine 0xf839cbb33743702a05c3c4b394c0f2ad813a2e51801bf68ac9bc884fb987541c 0x5a2360547558b03a662421c13e13b97e9d202c26b96681b6206215786e839163
ECDSA_companion	kat_kat_0_msg_verify_full	native_decide	computational witness / regression theorem	NO: expected Lean.ofReduceBool dependency	theorem kat_kat_0_msg_verify_full : ecdsaVerifyFull (Point.affine 0xf839cbb33743702a05c3c4b394c0f2ad813a2e51801bf68ac9bc884fb987541c 0x5a2360547558b03a662421c13e13b97e9d202c26b96681b6206215786e839163) msg_kat_0_msg 0xe3087afd1470fd1db5c63c735f509eb06bafb399c805f506908319e9aab81407 0xcbf1e0a1241d47736db4ff09539caf0309b0b6bdd67ab6e8fca484e683c7e666 = true
ECDSA_companion	kat_kat_1_empty_nonce	native_decide	computational witness / regression theorem	NO: expected Lean.ofReduceBool dependency	theorem kat_kat_1_empty_nonce : rfc6979K priv_kat_1_empty msg_kat_1_empty = 0x431b4af646e83f4fb44f9567ffa45e6c29152887f3a1f0cbc5c11d17e7d96ac2
ECDSA_companion	kat_kat_1_empty_sign	native_decide	computational witness / regression theorem	NO: expected Lean.ofReduceBool dependency	theorem kat_kat_1_empty_sign : ecdsaSign priv_kat_1_empty msg_kat_1_empty = (0x926a96b79dbcbf6a45dfa34e19e4f937fcf8dd97e87f330fda1ad48374f1a9f0, 0x97f2a9c669f413630b4fcf2778811c582ed5a469004067f946ece31ee1df52a3)
ECDSA_companion	kat_kat_1_empty_verify	native_decide	computational witness / regression theorem	NO: expected Lean.ofReduceBool dependency	theorem kat_kat_1_empty_verify : ecdsaVerify (Point.affine 0xbbcc2bf06cd5102ff518fa9ebe734d1646a4f0ce47efb945499b2be42d486291 0xcbf00bb9a65930170bd98127208c6f193a56563ece78bdc37284c9091f065c72) msg_kat_1_empty 0x926a96b79dbcbf6a45dfa34e19e4f937fcf8dd97e87f330fda1ad48374f1a9f0 0x97f2a9c669f413630b4fcf2778811c582ed5a469004067f946ece31ee1df52a3 = true
ECDSA_companion	kat_kat_1_empty_pubkey	native_decide	computational witness / regression theorem	NO: expected Lean.ofReduceBool dependency	theorem kat_kat_1_empty_pubkey : pointMul basePoint priv_kat_1_empty = Point.affine 0xbbcc2bf06cd5102ff518fa9ebe734d1646a4f0ce47efb945499b2be42d486291 0xcbf00bb9a65930170bd98127208c6f193a56563ece78bdc37284c9091f065c72
ECDSA_companion	kat_kat_1_empty_verify_full	native_decide	computational witness / regression theorem	NO: expected Lean.ofReduceBool dependency	theorem kat_kat_1_empty_verify_full : ecdsaVerifyFull (Point.affine 0xbbcc2bf06cd5102ff518fa9ebe734d1646a4f0ce47efb945499b2be42d486291 0xcbf00bb9a65930170bd98127208c6f193a56563ece78bdc37284c9091f065c72) msg_kat_1_empty 0x926a96b79dbcbf6a45dfa34e19e4f937fcf8dd97e87f330fda1ad48374f1a9f0 0x97f2a9c669f413630b4fcf2778811c582ed5a469004067f946ece31ee1df52a3 = true
ECDSA_companion	kat_kat_1_msg_nonce	native_decide	computational witness / regression theorem	NO: expected Lean.ofReduceBool dependency	theorem kat_kat_1_msg_nonce : rfc6979K priv_kat_1_msg msg_kat_1_msg = 0xbc995b457cc872e5eac6640b6706cdc9ecf4d7805b8a2fdc260f541b12138f09
ECDSA_companion	kat_kat_1_msg_sign	native_decide	computational witness / regression theorem	NO: expected Lean.ofReduceBool dependency	theorem kat_kat_1_msg_sign : ecdsaSign priv_kat_1_msg msg_kat_1_msg = (0xef5a672bcc27db3052407f3e6d61a5e4d2ba7dc9578bd28c3b155931dc1e3883, 0xa97e4b723bb8c8ca90280bc1a81de2b14ed680920ca8da6d21f3b6fb8ea8a5ea)
ECDSA_companion	kat_kat_1_msg_verify	native_decide	computational witness / regression theorem	NO: expected Lean.ofReduceBool dependency	theorem kat_kat_1_msg_verify : ecdsaVerify (Point.affine 0xbbcc2bf06cd5102ff518fa9ebe734d1646a4f0ce47efb945499b2be42d486291 0xcbf00bb9a65930170bd98127208c6f193a56563ece78bdc37284c9091f065c72) msg_kat_1_msg 0xef5a672bcc27db3052407f3e6d61a5e4d2ba7dc9578bd28c3b155931dc1e3883 0xa97e4b723bb8c8ca90280bc1a81de2b14ed680920ca8da6d21f3b6fb8ea8a5ea = true
ECDSA_companion	kat_kat_1_msg_pubkey	native_decide	computational witness / regression theorem	NO: expected Lean.ofReduceBool dependency	theorem kat_kat_1_msg_pubkey : pointMul basePoint priv_kat_1_msg = Point.affine 0xbbcc2bf06cd5102ff518fa9ebe734d1646a4f0ce47efb945499b2be42d486291 0xcbf00bb9a65930170bd98127208c6f193a56563ece78bdc37284c9091f065c72
ECDSA_companion	kat_kat_1_msg_verify_full	native_decide	computational witness / regression theorem	NO: expected Lean.ofReduceBool dependency	theorem kat_kat_1_msg_verify_full : ecdsaVerifyFull (Point.affine 0xbbcc2bf06cd5102ff518fa9ebe734d1646a4f0ce47efb945499b2be42d486291 0xcbf00bb9a65930170bd98127208c6f193a56563ece78bdc37284c9091f065c72) msg_kat_1_msg 0xef5a672bcc27db3052407f3e6d61a5e4d2ba7dc9578bd28c3b155931dc1e3883 0xa97e4b723bb8c8ca90280bc1a81de2b14ed680920ca8da6d21f3b6fb8ea8a5ea = true
ECDSA_companion	kat_kat_2_empty_nonce	native_decide	computational witness / regression theorem	NO: expected Lean.ofReduceBool dependency	theorem kat_kat_2_empty_nonce : rfc6979K priv_kat_2_empty msg_kat_2_empty = 0xac1e330cda30645827868935362388ea2614b7b4338525b17603346d6ce2da7d
ECDSA_companion	kat_kat_2_empty_sign	native_decide	computational witness / regression theorem	NO: expected Lean.ofReduceBool dependency	theorem kat_kat_2_empty_sign : ecdsaSign priv_kat_2_empty msg_kat_2_empty = (0xbac017cbdf65e2c96dded840a9103770236dc4cd733d64b664264cdfd675205c, 0xafd5e0057affb675b1d88a42cba0cb2f81d6e549c191e60478ae12dc7950b952)
ECDSA_companion	kat_kat_2_empty_verify	native_decide	computational witness / regression theorem	NO: expected Lean.ofReduceBool dependency	theorem kat_kat_2_empty_verify : ecdsaVerify (Point.affine 0x8687c1b7cc9e108f61c91886d4bdedb2d0803e68db540c7ee2ce8e2991edfa89 0xf1fc0fbcefa2decac587b31e72fb14cdfa2ca808af700f80037562a64905a6b9) msg_kat_2_empty 0xbac017cbdf65e2c96dded840a9103770236dc4cd733d64b664264cdfd675205c 0xafd5e0057affb675b1d88a42cba0cb2f81d6e549c191e60478ae12dc7950b952 = true
ECDSA_companion	kat_kat_2_empty_pubkey	native_decide	computational witness / regression theorem	NO: expected Lean.ofReduceBool dependency	theorem kat_kat_2_empty_pubkey : pointMul basePoint priv_kat_2_empty = Point.affine 0x8687c1b7cc9e108f61c91886d4bdedb2d0803e68db540c7ee2ce8e2991edfa89 0xf1fc0fbcefa2decac587b31e72fb14cdfa2ca808af700f80037562a64905a6b9
ECDSA_companion	kat_kat_2_empty_verify_full	native_decide	computational witness / regression theorem	NO: expected Lean.ofReduceBool dependency	theorem kat_kat_2_empty_verify_full : ecdsaVerifyFull (Point.affine 0x8687c1b7cc9e108f61c91886d4bdedb2d0803e68db540c7ee2ce8e2991edfa89 0xf1fc0fbcefa2decac587b31e72fb14cdfa2ca808af700f80037562a64905a6b9) msg_kat_2_empty 0xbac017cbdf65e2c96dded840a9103770236dc4cd733d64b664264cdfd675205c 0xafd5e0057affb675b1d88a42cba0cb2f81d6e549c191e60478ae12dc7950b952 = true
ECDSA_companion	kat_kat_2_msg_nonce	native_decide	computational witness / regression theorem	NO: expected Lean.ofReduceBool dependency	theorem kat_kat_2_msg_nonce : rfc6979K priv_kat_2_msg msg_kat_2_msg = 0xe5991b4761aec252bf58d23a798052b9e45f7a33ec51ac5804ae5a33e0bfbff8
ECDSA_companion	kat_kat_2_msg_sign	native_decide	computational witness / regression theorem	NO: expected Lean.ofReduceBool dependency	theorem kat_kat_2_msg_sign : ecdsaSign priv_kat_2_msg msg_kat_2_msg = (0x3ca606521d9fbbc7b06092d3847a3100bff508e9972d08563bf9a10c615c9cad, 0xed60a7491ecf40115aca684279a264e228bfce015cca0a4031c326be3001a70f)
ECDSA_companion	kat_kat_2_msg_verify	native_decide	computational witness / regression theorem	NO: expected Lean.ofReduceBool dependency	theorem kat_kat_2_msg_verify : ecdsaVerify (Point.affine 0x8687c1b7cc9e108f61c91886d4bdedb2d0803e68db540c7ee2ce8e2991edfa89 0xf1fc0fbcefa2decac587b31e72fb14cdfa2ca808af700f80037562a64905a6b9) msg_kat_2_msg 0x3ca606521d9fbbc7b06092d3847a3100bff508e9972d08563bf9a10c615c9cad 0xed60a7491ecf40115aca684279a264e228bfce015cca0a4031c326be3001a70f = true
ECDSA_companion	kat_kat_2_msg_pubkey	native_decide	computational witness / regression theorem	NO: expected Lean.ofReduceBool dependency	theorem kat_kat_2_msg_pubkey : pointMul basePoint priv_kat_2_msg = Point.affine 0x8687c1b7cc9e108f61c91886d4bdedb2d0803e68db540c7ee2ce8e2991edfa89 0xf1fc0fbcefa2decac587b31e72fb14cdfa2ca808af700f80037562a64905a6b9
ECDSA_companion	kat_kat_2_msg_verify_full	native_decide	computational witness / regression theorem	NO: expected Lean.ofReduceBool dependency	theorem kat_kat_2_msg_verify_full : ecdsaVerifyFull (Point.affine 0x8687c1b7cc9e108f61c91886d4bdedb2d0803e68db540c7ee2ce8e2991edfa89 0xf1fc0fbcefa2decac587b31e72fb14cdfa2ca808af700f80037562a64905a6b9) msg_kat_2_msg 0x3ca606521d9fbbc7b06092d3847a3100bff508e9972d08563bf9a10c615c9cad 0xed60a7491ecf40115aca684279a264e228bfce015cca0a4031c326be3001a70f = true
ECDSA_companion	kat_kat_3_empty_nonce	native_decide	computational witness / regression theorem	NO: expected Lean.ofReduceBool dependency	theorem kat_kat_3_empty_nonce : rfc6979K priv_kat_3_empty msg_kat_3_empty = 0x6c92acc08af029a20b8129b3718fc671a1920a9597206d52cc4431ce96a84b26
ECDSA_companion	kat_kat_3_empty_sign	native_decide	computational witness / regression theorem	NO: expected Lean.ofReduceBool dependency	theorem kat_kat_3_empty_sign : ecdsaSign priv_kat_3_empty msg_kat_3_empty = (0x62317deabda139f8aee3bcca39ee51d8afc2c6a9ac17170fa87e4b99f7ab2dcb, 0x250015c493852dc3ea6a8dfa82b3e6e3d23288a14f7dfb9a9f2720f4ba37b4b6)
ECDSA_companion	kat_kat_3_empty_verify	native_decide	computational witness / regression theorem	NO: expected Lean.ofReduceBool dependency	theorem kat_kat_3_empty_verify : ecdsaVerify (Point.affine 0x8af4e1ee8a431ac672d3fad290ab73774a5e7ebed047551ffab5c82f0f54d91c 0x6a16c0aad11d9e0f925b13d3e3f318cf023e03284de795913cc65ae3f1cec38f) msg_kat_3_empty 0x62317deabda139f8aee3bcca39ee51d8afc2c6a9ac17170fa87e4b99f7ab2dcb 0x250015c493852dc3ea6a8dfa82b3e6e3d23288a14f7dfb9a9f2720f4ba37b4b6 = true
ECDSA_companion	kat_kat_3_empty_pubkey	native_decide	computational witness / regression theorem	NO: expected Lean.ofReduceBool dependency	theorem kat_kat_3_empty_pubkey : pointMul basePoint priv_kat_3_empty = Point.affine 0x8af4e1ee8a431ac672d3fad290ab73774a5e7ebed047551ffab5c82f0f54d91c 0x6a16c0aad11d9e0f925b13d3e3f318cf023e03284de795913cc65ae3f1cec38f
ECDSA_companion	kat_kat_3_empty_verify_full	native_decide	computational witness / regression theorem	NO: expected Lean.ofReduceBool dependency	theorem kat_kat_3_empty_verify_full : ecdsaVerifyFull (Point.affine 0x8af4e1ee8a431ac672d3fad290ab73774a5e7ebed047551ffab5c82f0f54d91c 0x6a16c0aad11d9e0f925b13d3e3f318cf023e03284de795913cc65ae3f1cec38f) msg_kat_3_empty 0x62317deabda139f8aee3bcca39ee51d8afc2c6a9ac17170fa87e4b99f7ab2dcb 0x250015c493852dc3ea6a8dfa82b3e6e3d23288a14f7dfb9a9f2720f4ba37b4b6 = true
ECDSA_companion	kat_kat_3_msg_nonce	native_decide	computational witness / regression theorem	NO: expected Lean.ofReduceBool dependency	theorem kat_kat_3_msg_nonce : rfc6979K priv_kat_3_msg msg_kat_3_msg = 0x9ca88a2d5b1071a6c6283a0f3279f52c180cb47ba895ccc5ea677b8097e5d2b6
ECDSA_companion	kat_kat_3_msg_sign	native_decide	computational witness / regression theorem	NO: expected Lean.ofReduceBool dependency	theorem kat_kat_3_msg_sign : ecdsaSign priv_kat_3_msg msg_kat_3_msg = (0x849e08062958580f7d8b705839cd451f738e20082a13ae2fd79ff00bacfbd3ff, 0x852930a48aff6c16198359e2a2611e0ac29e7df37114678a42d0aecdf71ad213)
ECDSA_companion	kat_kat_3_msg_verify	native_decide	computational witness / regression theorem	NO: expected Lean.ofReduceBool dependency	theorem kat_kat_3_msg_verify : ecdsaVerify (Point.affine 0x8af4e1ee8a431ac672d3fad290ab73774a5e7ebed047551ffab5c82f0f54d91c 0x6a16c0aad11d9e0f925b13d3e3f318cf023e03284de795913cc65ae3f1cec38f) msg_kat_3_msg 0x849e08062958580f7d8b705839cd451f738e20082a13ae2fd79ff00bacfbd3ff 0x852930a48aff6c16198359e2a2611e0ac29e7df37114678a42d0aecdf71ad213 = true
ECDSA_companion	kat_kat_3_msg_pubkey	native_decide	computational witness / regression theorem	NO: expected Lean.ofReduceBool dependency	theorem kat_kat_3_msg_pubkey : pointMul basePoint priv_kat_3_msg = Point.affine 0x8af4e1ee8a431ac672d3fad290ab73774a5e7ebed047551ffab5c82f0f54d91c 0x6a16c0aad11d9e0f925b13d3e3f318cf023e03284de795913cc65ae3f1cec38f
ECDSA_companion	kat_kat_3_msg_verify_full	native_decide	computational witness / regression theorem	NO: expected Lean.ofReduceBool dependency	theorem kat_kat_3_msg_verify_full : ecdsaVerifyFull (Point.affine 0x8af4e1ee8a431ac672d3fad290ab73774a5e7ebed047551ffab5c82f0f54d91c 0x6a16c0aad11d9e0f925b13d3e3f318cf023e03284de795913cc65ae3f1cec38f) msg_kat_3_msg 0x849e08062958580f7d8b705839cd451f738e20082a13ae2fd79ff00bacfbd3ff 0x852930a48aff6c16198359e2a2611e0ac29e7df37114678a42d0aecdf71ad213 = true
ECDSA_companion	kat_rfc6979_style_sample_nonce	native_decide	computational witness / regression theorem	NO: expected Lean.ofReduceBool dependency	theorem kat_rfc6979_style_sample_nonce : rfc6979K priv_rfc6979_style_sample msg_rfc6979_style_sample = 0xf23d7a2ba580b716ff2a03d43e26b3148eea2eb3a1fc6e7abf7cef3877b35be
ECDSA_companion	kat_rfc6979_style_sample_sign	native_decide	computational witness / regression theorem	NO: expected Lean.ofReduceBool dependency	theorem kat_rfc6979_style_sample_sign : ecdsaSign priv_rfc6979_style_sample msg_rfc6979_style_sample = (0x466341174d59e93eb984c2a7c923a80ab99a9e91555bc73ebd8073d4c722121, 0x998f2b7bb63082e976215e6ae46344d66d2d4edea67d65d91595f21311df5030)
ECDSA_companion	kat_rfc6979_style_sample_verify	native_decide	computational witness / regression theorem	NO: expected Lean.ofReduceBool dependency	theorem kat_rfc6979_style_sample_verify : ecdsaVerify (Point.affine 0x6b17d1f2e12c4247f8bce6e563a440f277037d812deb33a0f4a13945d898c296 0x4fe342e2fe1a7f9b8ee7eb4a7c0f9e162bce33576b315ececbb6406837bf51f5) msg_rfc6979_style_sample 0x466341174d59e93eb984c2a7c923a80ab99a9e91555bc73ebd8073d4c722121 0x998f2b7bb63082e976215e6ae46344d66d2d4edea67d65d91595f21311df5030 = true
ECDSA_companion	kat_rfc6979_style_sample_pubkey	native_decide	computational witness / regression theorem	NO: expected Lean.ofReduceBool dependency	theorem kat_rfc6979_style_sample_pubkey : pointMul basePoint priv_rfc6979_style_sample = Point.affine 0x6b17d1f2e12c4247f8bce6e563a440f277037d812deb33a0f4a13945d898c296 0x4fe342e2fe1a7f9b8ee7eb4a7c0f9e162bce33576b315ececbb6406837bf51f5
ECDSA_companion	kat_rfc6979_style_sample_verify_full	native_decide	computational witness / regression theorem	NO: expected Lean.ofReduceBool dependency	theorem kat_rfc6979_style_sample_verify_full : ecdsaVerifyFull (Point.affine 0x6b17d1f2e12c4247f8bce6e563a440f277037d812deb33a0f4a13945d898c296 0x4fe342e2fe1a7f9b8ee7eb4a7c0f9e162bce33576b315ececbb6406837bf51f5) msg_rfc6979_style_sample 0x466341174d59e93eb984c2a7c923a80ab99a9e91555bc73ebd8073d4c722121 0x998f2b7bb63082e976215e6ae46344d66d2d4edea67d65d91595f21311df5030 = true
ECDSA_hostile	hostile_r_zero	native_decide	computational witness / regression theorem	NO: expected Lean.ofReduceBool dependency	theorem hostile_r_zero : ecdsaVerifyFull (Point.affine 0xf839cbb33743702a05c3c4b394c0f2ad813a2e51801bf68ac9bc884fb987541c 0x5a2360547558b03a662421c13e13b97e9d202c26b96681b6206215786e839163) ByteArray.mk #[0x61, 0x62, 0x63] 0x0 0xcbf1e0a1241d47736db4ff09539caf0309b0b6bdd67ab6e8fca484e683c7e666 = false
ECDSA_hostile	hostile_s_zero	native_decide	computational witness / regression theorem	NO: expected Lean.ofReduceBool dependency	theorem hostile_s_zero : ecdsaVerifyFull (Point.affine 0xf839cbb33743702a05c3c4b394c0f2ad813a2e51801bf68ac9bc884fb987541c 0x5a2360547558b03a662421c13e13b97e9d202c26b96681b6206215786e839163) ByteArray.mk #[0x61, 0x62, 0x63] 0xe3087afd1470fd1db5c63c735f509eb06bafb399c805f506908319e9aab81407 0x0 = false
ECDSA_hostile	hostile_r_equals_n	native_decide	computational witness / regression theorem	NO: expected Lean.ofReduceBool dependency	theorem hostile_r_equals_n : ecdsaVerifyFull (Point.affine 0xf839cbb33743702a05c3c4b394c0f2ad813a2e51801bf68ac9bc884fb987541c 0x5a2360547558b03a662421c13e13b97e9d202c26b96681b6206215786e839163) ByteArray.mk #[0x61, 0x62, 0x63] 0xffffffff00000000ffffffffffffffffbce6faada7179e84f3b9cac2fc632551 0xcbf1e0a1241d47736db4ff09539caf0309b0b6bdd67ab6e8fca484e683c7e666 = false
ECDSA_hostile	hostile_s_equals_n	native_decide	computational witness / regression theorem	NO: expected Lean.ofReduceBool dependency	theorem hostile_s_equals_n : ecdsaVerifyFull (Point.affine 0xf839cbb33743702a05c3c4b394c0f2ad813a2e51801bf68ac9bc884fb987541c 0x5a2360547558b03a662421c13e13b97e9d202c26b96681b6206215786e839163) ByteArray.mk #[0x61, 0x62, 0x63] 0xe3087afd1470fd1db5c63c735f509eb06bafb399c805f506908319e9aab81407 0xffffffff00000000ffffffffffffffffbce6faada7179e84f3b9cac2fc632551 = false
ECDSA_hostile	hostile_r_negative_encoding	native_decide	computational witness / regression theorem	NO: expected Lean.ofReduceBool dependency	theorem hostile_r_negative_encoding : ecdsaVerifyFull (Point.affine 0xf839cbb33743702a05c3c4b394c0f2ad813a2e51801bf68ac9bc884fb987541c 0x5a2360547558b03a662421c13e13b97e9d202c26b96681b6206215786e839163) ByteArray.mk #[0x61, 0x62, 0x63] 0xffffffff00000000ffffffffffffffffbce6faada7179e84f3b9cac2fc632550 0xcbf1e0a1241d47736db4ff09539caf0309b0b6bdd67ab6e8fca484e683c7e666 = false
ECDSA_hostile	hostile_bitflip_r	native_decide	computational witness / regression theorem	NO: expected Lean.ofReduceBool dependency	theorem hostile_bitflip_r : ecdsaVerifyFull (Point.affine 0xf839cbb33743702a05c3c4b394c0f2ad813a2e51801bf68ac9bc884fb987541c 0x5a2360547558b03a662421c13e13b97e9d202c26b96681b6206215786e839163) ByteArray.mk #[0x61, 0x62, 0x63] 0xe3087afd1470fd1db5c63c735f509eb06bafb399c805f506908319e9aab81406 0xcbf1e0a1241d47736db4ff09539caf0309b0b6bdd67ab6e8fca484e683c7e666 = false
ECDSA_hostile	hostile_bitflip_s	native_decide	computational witness / regression theorem	NO: expected Lean.ofReduceBool dependency	theorem hostile_bitflip_s : ecdsaVerifyFull (Point.affine 0xf839cbb33743702a05c3c4b394c0f2ad813a2e51801bf68ac9bc884fb987541c 0x5a2360547558b03a662421c13e13b97e9d202c26b96681b6206215786e839163) ByteArray.mk #[0x61, 0x62, 0x63] 0xe3087afd1470fd1db5c63c735f509eb06bafb399c805f506908319e9aab81407 0xcbf1e0a1241d47736db4ff09539caf0309b0b6bdd67ab6e8fca484e683c7e667 = false
ECDSA_hostile	hostile_wrong_message	native_decide	computational witness / regression theorem	NO: expected Lean.ofReduceBool dependency	theorem hostile_wrong_message : ecdsaVerifyFull (Point.affine 0xf839cbb33743702a05c3c4b394c0f2ad813a2e51801bf68ac9bc884fb987541c 0x5a2360547558b03a662421c13e13b97e9d202c26b96681b6206215786e839163) ByteArray.mk #[0x77, 0x72, 0x6f, 0x6e, 0x67] 0xe3087afd1470fd1db5c63c735f509eb06bafb399c805f506908319e9aab81407 0xcbf1e0a1241d47736db4ff09539caf0309b0b6bdd67ab6e8fca484e683c7e666 = false
ECDSA_hostile	hostile_wrong_pubkey	native_decide	computational witness / regression theorem	NO: expected Lean.ofReduceBool dependency	theorem hostile_wrong_pubkey : ecdsaVerifyFull (Point.affine 0xbbcc2bf06cd5102ff518fa9ebe734d1646a4f0ce47efb945499b2be42d486291 0xcbf00bb9a65930170bd98127208c6f193a56563ece78bdc37284c9091f065c72) ByteArray.mk #[0x61, 0x62, 0x63] 0xe3087afd1470fd1db5c63c735f509eb06bafb399c805f506908319e9aab81407 0xcbf1e0a1241d47736db4ff09539caf0309b0b6bdd67ab6e8fca484e683c7e666 = false
ECDSA_hostile	hostile_malleability_s_complement	native_decide	computational witness / regression theorem	NO: expected Lean.ofReduceBool dependency	theorem hostile_malleability_s_complement : isLowS 0xcbf1e0a1241d47736db4ff09539caf0309b0b6bdd67ab6e8fca484e683c7e666 = false ∧ ecdsaVerify (Point.affine 0xf839cbb33743702a05c3c4b394c0f2ad813a2e51801bf68ac9bc884fb987541c 0x5a2360547558b03a662421c13e13b97e9d202c26b96681b6206215786e839163) ByteArray.mk #[0x61, 0x62, 0x63] 0xe3087afd1470fd1db5c63c735f509eb06bafb399c805f506908319e9aab81407 0xcbf1e0a1241d47736db4ff09539caf0309b0b6bdd67ab6e8fca484e683c7e666 = true
ECDSA_hostile	hostile_s_above_half_order	native_decide	computational witness / regression theorem	NO: expected Lean.ofReduceBool dependency	theorem hostile_s_above_half_order : isLowS 0xcbf1e0a1241d47736db4ff09539caf0309b0b6bdd67ab6e8fca484e683c7e666 = false ∧ ecdsaVerify (Point.affine 0xf839cbb33743702a05c3c4b394c0f2ad813a2e51801bf68ac9bc884fb987541c 0x5a2360547558b03a662421c13e13b97e9d202c26b96681b6206215786e839163) ByteArray.mk #[0x61, 0x62, 0x63] 0xe3087afd1470fd1db5c63c735f509eb06bafb399c805f506908319e9aab81407 0xcbf1e0a1241d47736db4ff09539caf0309b0b6bdd67ab6e8fca484e683c7e666 = true
ECDSA_hostile	hostile_pubkey_not_on_curve	native_decide	computational witness / regression theorem	NO: expected Lean.ofReduceBool dependency	theorem hostile_pubkey_not_on_curve : ecdsaVerifyFull (Point.affine 0xf839cbb33743702a05c3c4b394c0f2ad813a2e51801bf68ac9bc884fb987541c 0x5a2360547558b03a662421c13e13b97e9d202c26b96681b6206215786e839164) ByteArray.mk #[0x61, 0x62, 0x63] 0xe3087afd1470fd1db5c63c735f509eb06bafb399c805f506908319e9aab81407 0xcbf1e0a1241d47736db4ff09539caf0309b0b6bdd67ab6e8fca484e683c7e666 = false
ECDSA_hostile	hostile_pubkey_infinity_encoding	native_decide	computational witness / regression theorem	NO: expected Lean.ofReduceBool dependency	theorem hostile_pubkey_infinity_encoding : ecdsaVerifyFull (Point.affine 0x0 0x0) ByteArray.mk #[0x61, 0x62, 0x63] 0xe3087afd1470fd1db5c63c735f509eb06bafb399c805f506908319e9aab81407 0xcbf1e0a1241d47736db4ff09539caf0309b0b6bdd67ab6e8fca484e683c7e666 = false
ECDSA_hostile	hostile_pubkey_wrong_curve_p384	native_decide	computational witness / regression theorem	NO: expected Lean.ofReduceBool dependency	theorem hostile_pubkey_wrong_curve_p384 : ecdsaVerifyFull (Point.affine 0xf839cbb33743702a05c3c4b394c0f2ad813a2e51801bf68ac9bc884fb987541c 0x5a2360547558b03a662421c13e13b97e9d202c26b96681b6206215786e839163) ByteArray.mk #[] 0xe3087afd1470fd1db5c63c735f509eb06bafb399c805f506908319e9aab81407 0xcbf1e0a1241d47736db4ff09539caf0309b0b6bdd67ab6e8fca484e683c7e666 = false
ECDSA_hostile	hostile_r_1_s_1	native_decide	computational witness / regression theorem	NO: expected Lean.ofReduceBool dependency	theorem hostile_r_1_s_1 : ecdsaVerifyFull (Point.affine 0xf839cbb33743702a05c3c4b394c0f2ad813a2e51801bf68ac9bc884fb987541c 0x5a2360547558b03a662421c13e13b97e9d202c26b96681b6206215786e839163) ByteArray.mk #[0x61, 0x62, 0x63] 0x1 0x1 = false
ECDSA_hostile	hostile_s_equals_r	native_decide	computational witness / regression theorem	NO: expected Lean.ofReduceBool dependency	theorem hostile_s_equals_r : ecdsaVerifyFull (Point.affine 0xf839cbb33743702a05c3c4b394c0f2ad813a2e51801bf68ac9bc884fb987541c 0x5a2360547558b03a662421c13e13b97e9d202c26b96681b6206215786e839163) ByteArray.mk #[0x61, 0x62, 0x63] 0xe3087afd1470fd1db5c63c735f509eb06bafb399c805f506908319e9aab81407 0xe3087afd1470fd1db5c63c735f509eb06bafb399c805f506908319e9aab81407 = false
ECDSA_hostile	hostile_swapped_r_s	native_decide	computational witness / regression theorem	NO: expected Lean.ofReduceBool dependency	theorem hostile_swapped_r_s : ecdsaVerifyFull (Point.affine 0xf839cbb33743702a05c3c4b394c0f2ad813a2e51801bf68ac9bc884fb987541c 0x5a2360547558b03a662421c13e13b97e9d202c26b96681b6206215786e839163) ByteArray.mk #[0x61, 0x62, 0x63] 0xcbf1e0a1241d47736db4ff09539caf0309b0b6bdd67ab6e8fca484e683c7e666 0xe3087afd1470fd1db5c63c735f509eb06bafb399c805f506908319e9aab81407 = false
ECDSA_hostile	hostile_control_valid	native_decide	computational witness / regression theorem	NO: expected Lean.ofReduceBool dependency	theorem hostile_control_valid : ecdsaVerifyFull (Point.affine 0xf839cbb33743702a05c3c4b394c0f2ad813a2e51801bf68ac9bc884fb987541c 0x5a2360547558b03a662421c13e13b97e9d202c26b96681b6206215786e839163) ByteArray.mk #[0x61, 0x62, 0x63] 0xe3087afd1470fd1db5c63c735f509eb06bafb399c805f506908319e9aab81407 0xcbf1e0a1241d47736db4ff09539caf0309b0b6bdd67ab6e8fca484e683c7e666 = true
ECDSA_hostile	hostile_control_valid_2	native_decide	computational witness / regression theorem	NO: expected Lean.ofReduceBool dependency	theorem hostile_control_valid_2 : ecdsaVerifyFull (Point.affine 0x8687c1b7cc9e108f61c91886d4bdedb2d0803e68db540c7ee2ce8e2991edfa89 0xf1fc0fbcefa2decac587b31e72fb14cdfa2ca808af700f80037562a64905a6b9) ByteArray.mk #[0x00, 0x01, 0x02, 0x03, 0x04, 0x05, 0x06, 0x07, 0x08, 0x09, 0x0a, 0x0b, 0x0c, 0x0d, 0x0e, 0x0f, 0x10, 0x11, 0x12, 0x13, 0x14, 0x15, 0x16, 0x17, 0x18, 0x19, 0x1a, 0x1b, 0x1c, 0x1d, 0x1e, 0x1f, 0x20, 0x21, 0x22, 0x23, 0x24, 0x25, 0x26, 0x27, 0x28, 0x29, 0x2a, 0x2b, 0x2c, 0x2d, 0x2e, 0x2f, 0x30, 0x31, 0x32, 0x33, 0x34, 0x35, 0x36, 0x37, 0x38, 0x39, 0x3a, 0x3b, 0x3c, 0x3d, 0x3e, 0x3f] 0x3ca606521d9fbbc7b06092d3847a3100bff508e9972d08563bf9a10c615c9cad 0xed60a7491ecf40115aca684279a264e228bfce015cca0a4031c326be3001a70f = true
ECDSA_hostile	malleability_complement_verifies	native_decide	computational witness / regression theorem	NO: expected Lean.ofReduceBool dependency	theorem malleability_complement_verifies : ecdsaVerify (Point.affine 0xf839cbb33743702a05c3c4b394c0f2ad813a2e51801bf68ac9bc884fb987541c 0x5a2360547558b03a662421c13e13b97e9d202c26b96681b6206215786e839163) ByteArray.mk #[0x61, 0x62, 0x63] 0xe3087afd1470fd1db5c63c735f509eb06bafb399c805f506908319e9aab81407 (nsub 0 0xcbf1e0a1241d47736db4ff09539caf0309b0b6bdd67ab6e8fca484e683c7e666) = true
ECDSA_hostile	malleability_complement_lowS	native_decide	computational witness / regression theorem	NO: expected Lean.ofReduceBool dependency	theorem malleability_complement_lowS : isLowS (nsub 0 0xcbf1e0a1241d47736db4ff09539caf0309b0b6bdd67ab6e8fca484e683c7e666) = true
ECDSA_hostile	hostile_nonce_reuse_pair	native_decide	computational witness / regression theorem	NO: expected Lean.ofReduceBool dependency	theorem hostile_nonce_reuse_pair : ecdsaVerifyFull (Point.affine 0xf839cbb33743702a05c3c4b394c0f2ad813a2e51801bf68ac9bc884fb987541c 0x5a2360547558b03a662421c13e13b97e9d202c26b96681b6206215786e839163) ByteArray.mk #[0x61, 0x62, 0x63] 0xe3087afd1470fd1db5c63c735f509eb06bafb399c805f506908319e9aab81407 0xcbf1e0a1241d47736db4ff09539caf0309b0b6bdd67ab6e8fca484e683c7e666 = true
ECDSA_hostile	hostile_nonce_reuse_nonce_recovery	native_decide	computational witness / regression theorem	NO: expected Lean.ofReduceBool dependency	theorem hostile_nonce_reuse_nonce_recovery : recoverNonceFromReuse nonceReuseS1 (hashToInt nonceReuseMsg1) nonceReuseS2 (hashToInt nonceReuseMsg2) = 0x4d75d064bb2ce80e039b78788d8ed52cf74a04861440fad10f3f0c3dc5df488e
ECDSA_hostile	hostile_nonce_reuse_key_recovery	native_decide	computational witness / regression theorem	NO: expected Lean.ofReduceBool dependency	theorem hostile_nonce_reuse_key_recovery : recoverPrivFromReuse nonceReuseR nonceReuseS1 (hashToInt nonceReuseMsg1) nonceReuseS2 (hashToInt nonceReuseMsg2) = 0x7a083a580e618c8d21c8b9a24fa5a52bfae8f2490a75152a63d36eb7250a5f52
ECDSA_hostile	hostile_nonce_reuse_r_consistency	native_decide	computational witness / regression theorem	NO: expected Lean.ofReduceBool dependency	theorem hostile_nonce_reuse_r_consistency : (match pointMul basePoint 0x4d75d064bb2ce80e039b78788d8ed52cf74a04861440fad10f3f0c3dc5df488e with | Point.affine x _ => x % n | Point.infinity => 0) = nonceReuseR
ECDSA_hostile	hostile_nonce_reuse_both_verify	native_decide	computational witness / regression theorem	NO: expected Lean.ofReduceBool dependency	theorem hostile_nonce_reuse_both_verify : ecdsaVerify (Point.affine 0xf839cbb33743702a05c3c4b394c0f2ad813a2e51801bf68ac9bc884fb987541c 0x5a2360547558b03a662421c13e13b97e9d202c26b96681b6206215786e839163) nonceReuseMsg1 nonceReuseR nonceReuseS1 = true ∧ ecdsaVerify (Point.affine 0xf839cbb33743702a05c3c4b394c0f2ad813a2e51801bf68ac9bc884fb987541c 0x5a2360547558b03a662421c13e13b97e9d202c26b96681b6206215786e839163) nonceReuseMsg2 nonceReuseR nonceReuseS2 = true
SHA256_base	K_size	rfl	kernel-side symbolic/definitional theorem	candidate; requires actual #print axioms	theorem K_size : K.size = 64
SHA256_base	H0_size	rfl	kernel-side symbolic/definitional theorem	candidate; requires actual #print axioms	theorem H0_size : H0.size = 8
SHA256_base	round_uses_temps	exact	kernel-side symbolic/definitional theorem	candidate; requires actual #print axioms	theorem round_uses_temps (st : State) (k w : UInt32) : round st k w 0 = t1Temp st k w + t2Temp st ∧ round st k w 4 = st 3 + t1Temp st k w
SHA256_companion	size_ByteArray_mk	rfl	kernel-side symbolic/definitional theorem	candidate; requires actual #print axioms	theorem size_ByteArray_mk (a : Array UInt8) : (ByteArray.mk a).size = a.toList.length
SHA256_companion	toList_Array_mk	rfl	kernel-side symbolic/definitional theorem	candidate; requires actual #print axioms	theorem toList_Array_mk (l : List UInt8) : (Array.mk l).toList = l
SHA256_companion	padZeros_lt	omega+unfold	kernel-side symbolic/definitional theorem	candidate; requires actual #print axioms	theorem padZeros_lt (n : Nat) : padZeros n < 64
SHA256_companion	natToBe64_length	rfl	kernel-side symbolic/definitional theorem	candidate; requires actual #print axioms	theorem natToBe64_length (n : Nat) : (natToBe64 n).length = 8
SHA256_companion	padList_length	simp+omega	kernel-side symbolic/definitional theorem	candidate; requires actual #print axioms	theorem padList_length (l : List UInt8) : (padList l).length = l.length + 1 + padZeros l.length + 8
SHA256_companion	pad_size	rw+show	kernel-side symbolic/definitional theorem	candidate; requires actual #print axioms	theorem pad_size (m : ByteArray) : (pad m).size = m.data.toList.length + 1 + padZeros m.data.toList.length + 8
SHA256_companion	pad_length_multiple_of_64	omega+rw+unfold	kernel-side symbolic/definitional theorem	candidate; requires actual #print axioms	theorem pad_length_multiple_of_64 (m : ByteArray) : (pad m).size % 64 = 0
SHA256_companion	stateToBytes_length	rfl	kernel-side symbolic/definitional theorem	candidate; requires actual #print axioms	theorem stateToBytes_length (st : State) : (stateToBytes st).length = 32
SHA256_companion	sha256_output_length	rw+show	kernel-side symbolic/definitional theorem	candidate; requires actual #print axioms	theorem sha256_output_length (m : ByteArray) : (sha256 m).size = 32
SHA256_companion	append_cancel_aux	simp+omega+exact+obtain+subst	kernel-side symbolic/definitional theorem	candidate; requires actual #print axioms	theorem append_cancel_aux {α : Type} : ∀ (l1 l2 x1 x2 : List α), l1.length = l2.length → l1 ++ x1 = l2 ++ x2 → l1 = l2 ∧ x1 = x2 | [], l2, x1, x2, hl, _h => by have h0 : l2 = []
SHA256_companion	toNat_ofNat_mod	direct-term:UInt8.toNat_ofNat'	kernel-side symbolic/definitional theorem	candidate; requires actual #print axioms	theorem toNat_ofNat_mod (n : Nat) : (UInt8.ofNat n).toNat = n % 256
SHA256_companion	natToBe64_mod_inj	simp+omega+obtain	kernel-side symbolic/definitional theorem	candidate; requires actual #print axioms	theorem natToBe64_mod_inj {a b : Nat} (h : natToBe64 a = natToBe64 b) : a % 2 ^ 64 = b % 2 ^ 64
SHA256_companion	pad_injective	rfl	kernel-side symbolic/definitional theorem	candidate; requires actual #print axioms	theorem pad_injective : Function.Injective pad
SHA256_companion	kat_empty	native_decide	computational witness / regression theorem	NO: expected Lean.ofReduceBool dependency	"theorem kat_empty : sha256Hex """" = ""e3b0c44298fc1c149afbf4c8996fb92427ae41e4649b934ca495991b7852b855"""
SHA256_companion	kat_abc	native_decide	computational witness / regression theorem	NO: expected Lean.ofReduceBool dependency	"theorem kat_abc : sha256Hex ""abc"" = ""ba7816bf8f01cfea414140de5dae2223b00361a396177a9cb410ff61f20015ad"""
SHA256_companion	kat_fips_ex3_448bit	native_decide	computational witness / regression theorem	NO: expected Lean.ofReduceBool dependency	"theorem kat_fips_ex3_448bit : sha256Hex ""abcdbcdecdefdefgefghfghighijhijkijkljklmklmnlmnomnopnopq"" = ""248d6a61d20638b8e5c026930c3e6039a33ce45964ff2167f6ecedd419db06c1"""
SHA256_companion	kat_fips_ex4_896bit	native_decide	computational witness / regression theorem	NO: expected Lean.ofReduceBool dependency	"theorem kat_fips_ex4_896bit : sha256Hex ""abcdefghbcdefghicdefghijdefghijkefghijklfghijklmghijklmnhijklmnoijklmnopjklmnopqklmnopqrlmnopqrsmnopqrstnopqrstu"" = ""cf5b16a778af8380036ce59e7b0492370b249b11e8f07a51afac45037afee9d1"""
SHA256_companion	kat_million_a	native_decide	computational witness / regression theorem	NO: expected Lean.ofReduceBool dependency	"theorem kat_million_a : sha256 (ByteArray.mk (Array.mkArray 1000000 0x61)) = hexDecode ""cdc76e5c9914fb9281a1c7e284d73e67f1809a48a497200e046d39ccc7112cd0"""
SHA256_companion	kat_1B	native_decide	computational witness / regression theorem	NO: expected Lean.ofReduceBool dependency	"theorem kat_1B : sha256 (katMsg 1) = hexDecode ""e7cf46a078fed4fafd0b5e3aff144802b853f8ae459a4f0c14add3314b7cc3a6"""
SHA256_companion	kat_2B	native_decide	computational witness / regression theorem	NO: expected Lean.ofReduceBool dependency	"theorem kat_2B : sha256 (katMsg 2) = hexDecode ""cdc63a6325d5fa92515578c0b418e6eeec1c6d085937a24fc43c2126ea517457"""
SHA256_companion	kat_3B	native_decide	computational witness / regression theorem	NO: expected Lean.ofReduceBool dependency	"theorem kat_3B : sha256 (katMsg 3) = hexDecode ""b39fad1a1075f64570b3226d339ea818f9c66ecd2f1c59fd8b9c5a32b54c513f"""
SHA256_companion	kat_55B	native_decide	computational witness / regression theorem	NO: expected Lean.ofReduceBool dependency	"theorem kat_55B : sha256 (katMsg 55) = hexDecode ""2900465fcb533e05a158fd2b3be0e5e3b03740d83060aa3580e0d98a96bf2384"""
SHA256_companion	kat_56B	native_decide	computational witness / regression theorem	NO: expected Lean.ofReduceBool dependency	"theorem kat_56B : sha256 (katMsg 56) = hexDecode ""31454ff48ef36af2f08fd511bdc37d9d5855ac23e992e5ff5445cb6b7674a674"""
SHA256_companion	kat_57B	native_decide	computational witness / regression theorem	NO: expected Lean.ofReduceBool dependency	"theorem kat_57B : sha256 (katMsg 57) = hexDecode ""bcc0a5d3791b985b7550e04ca660a6c63a589ba1edd2283c8e110e5b515df124"""
SHA256_companion	kat_63B	native_decide	computational witness / regression theorem	NO: expected Lean.ofReduceBool dependency	"theorem kat_63B : sha256 (katMsg 63) = hexDecode ""5f6401b96532c36de4e65beec0409b69b1d181864c8009b7a04f43e5d56350d1"""
SHA256_companion	kat_64B	native_decide	computational witness / regression theorem	NO: expected Lean.ofReduceBool dependency	"theorem kat_64B : sha256 (katMsg 64) = hexDecode ""94eb5de4943613fd048dc93393ab06877405faa39c11f53e9386083339833e7e"""
SHA256_companion	kat_65B	native_decide	computational witness / regression theorem	NO: expected Lean.ofReduceBool dependency	"theorem kat_65B : sha256 (katMsg 65) = hexDecode ""fc518669b6eb4b4dd91827ecacef86689c725bd5bab888fd3b26dbb196eec954"""
SHA256_companion	kat_119B	native_decide	computational witness / regression theorem	NO: expected Lean.ofReduceBool dependency	"theorem kat_119B : sha256 (katMsg 119) = hexDecode ""b0dc41b1a384e2f1203f0351b38fbeaafceef577ce1191d5bfc25da39f721eae"""
SHA256_companion	kat_120B	native_decide	computational witness / regression theorem	NO: expected Lean.ofReduceBool dependency	"theorem kat_120B : sha256 (katMsg 120) = hexDecode ""5df24dd802ac26132ce608dcb5f09841eef039ee0f152acf98d26d17fe4e88e6"""
SHA256_companion	kat_127B	native_decide	computational witness / regression theorem	NO: expected Lean.ofReduceBool dependency	"theorem kat_127B : sha256 (katMsg 127) = hexDecode ""0fe729ff19257bd6fec853acc2ea355f6b34b58e6c0f684c3e188fcdfcd9baae"""
SHA256_companion	kat_128B	native_decide	computational witness / regression theorem	NO: expected Lean.ofReduceBool dependency	"theorem kat_128B : sha256 (katMsg 128) = hexDecode ""0aedd4856f8eba0963627336ad5144a9a7dbe12498e6066f0165fc97d8ddee4c"""
SHA256_companion	kat_129B	native_decide	computational witness / regression theorem	NO: expected Lean.ofReduceBool dependency	"theorem kat_129B : sha256 (katMsg 129) = hexDecode ""4f1757ae4bffbae86d775b831765b75af154d52f7deaa46dd378051a2d3ad57f"""
SHA256_companion	kat_255B	native_decide	computational witness / regression theorem	NO: expected Lean.ofReduceBool dependency	"theorem kat_255B : sha256 (katMsg 255) = hexDecode ""3c835ac0bba7147eaa568a76183d465e72ac456df24b55e01d44dc87be05a971"""
SHA256_companion	kat_256B	native_decide	computational witness / regression theorem	NO: expected Lean.ofReduceBool dependency	"theorem kat_256B : sha256 (katMsg 256) = hexDecode ""3ef33734daae0e353f132ff5f3241d8f86ba81f851c0b9685149f079c16eb45b"""
SHA256_companion	kat_1000B	native_decide	computational witness / regression theorem	NO: expected Lean.ofReduceBool dependency	"theorem kat_1000B : sha256 (katMsg 1000) = hexDecode ""57799de80e3dd6e2ac4d40c41a150d1662f7f87d0d994776a2fdc37c39b0ea4e"""
SHA256_companion	hmac_sha256_rfc4231_case1	native_decide	computational witness / regression theorem	NO: expected Lean.ofReduceBool dependency	"theorem hmac_sha256_rfc4231_case1 : hmacSha256 (ByteArray.mk (Array.mkArray 20 0x0b)) (String.toUTF8 ""Hi There"") = hexDecode ""b0344c61d8db38535ca8afceaf0bf12b881dc200c9833da726e9376c2e32cff7"""
SHA256_companion	hmac_sha256_long_key	native_decide	computational witness / regression theorem	NO: expected Lean.ofReduceBool dependency	"theorem hmac_sha256_long_key : hexEncode (hmacSha256 (ByteArray.mk (Array.mk ((List.range 100).map (fun i => i.toUInt8)))) (String.toUTF8 ""msg"")) = ""f85da02f25a44a117825adec49678dd31f98d263ba21680c07fd30c161cda4ec"""
SHA256_companion	double_sha256_empty	native_decide	computational witness / regression theorem	NO: expected Lean.ofReduceBool dependency	"theorem double_sha256_empty : hexEncode (doubleSha256 (String.toUTF8 """")) = ""5df6e0e2761359d30a8275058e299fcc0381534545f55cf43e41983f5d4c9456"""
SHA256_companion	sha256_chain_abc_3	native_decide	computational witness / regression theorem	NO: expected Lean.ofReduceBool dependency	"theorem sha256_chain_abc_3 : hexEncode (sha256Chain (String.toUTF8 ""abc"") 3) = ""f2a778f1a6ed3d5bc59a5d79104c598f3f07093f240ca4e91333fb09ed4f36da"""
