algorithm	impl_mjs	lean_files	rocq_files	sorry	native_decide	verdict
sha256	8	166	0	46	133	PROOF_FAILS_STANDARD
sha512	7	3	0	0	0	BOTH_CLEAN
sha384	0	0	0	0	0	ABSENT
sha224	0	0	0	0	0	ABSENT
sha3	1	0	0	0	0	IMPL_ONLY_NO_PROOF
keccak	20	0	0	0	0	IMPL_ONLY_NO_PROOF
shake	1	0	0	0	0	IMPL_ONLY_NO_PROOF
hmac	0	40	0	0	30	PROOF_ONLY_NO_IMPL
hkdf	0	3	0	0	0	PROOF_ONLY_NO_IMPL
ecdsa	0	59	0	59	59	PROOF_ONLY_NO_IMPL
p256	0	68	0	59	59	PROOF_ONLY_NO_IMPL
secp256k1	0	0	0	0	0	ABSENT
ed25519	5	6	0	0	0	BOTH_CLEAN
x25519	0	0	0	0	0	ABSENT
mlkem	14	3	0	0	0	BOTH_CLEAN
kyber	0	0	0	0	0	ABSENT
mldsa	6	0	0	0	0	IMPL_ONLY_NO_PROOF
dilithium	0	0	0	0	0	ABSENT
chacha20	0	3	0	0	0	PROOF_ONLY_NO_IMPL
poly1305	0	3	0	0	0	PROOF_ONLY_NO_IMPL
aes	0	0	0	0	0	ABSENT
gcm	0	0	0	0	0	ABSENT
blake2	0	0	0	0	0	ABSENT
blake3	0	0	0	0	0	ABSENT
merkle	4	0	1	1	0	PROOF_FAILS_STANDARD
ripemd	0	0	0	0	0	ABSENT
base58	0	0	0	0	0	ABSENT
bech32	0	0	0	0	0	ABSENT
